GivenName,Surname,Age,Gender,CountryFull
Ruth,Pearson,28,female,France
Libby,Gallagher,71,female,France
Archer,Marshall-Hall,59,male,France
Dallas,Ray,20,male,France
Mason,Rodius,34,male,France
Mikayla,Poynton,62,female,France
George,Strother,68,male,France
Andrew,Cloutier,38,male,France
Alyssa,Freeman,66,female,France
Callum,Bird,64,male,France
Isabelle,Pickering,37,female,France
Francesca,Hopkins,69,female,France
Leverett,Dagenais,29,male,France
Catherine,Lewis,75,female,France
Kate,McMeckan,59,female,France
Rashida,Johnson,35,female,France
Jeanie,Weaver,24,female,France
Gary,Mitchell,46,male,France
Brooke,Dilke,49,female,France
Isabelle,Boutot,38,female,France
Ellie,Christian,80,female,France
Louie,Knowles,73,male,France
Josephine,Housman,22,female,France
Nicholas,Talbot,48,male,France
Cammile,Laisné,30,female,France
Chad,Myers,28,male,France
Bertrand,Garnier,41,male,France
Jude,Dunn,26,male,France
Platt,Dennis,54,male,France
Thelma,Wright,84,female,France
Maddison,Scutt,82,female,France
Perrin,Deschamps,33,male,France
Michael,King,80,male,France
Freya,Power,73,female,France
William,Mitchell,39,male,France
Creissant,Labrecque,75,female,France
Anton,Migneault,77,male,France
Mallory,Covillon,65,male,France
Martin,Clark,38,male,France
Callum,Reinhold,41,male,France
Victoria,Power,65,female,France
Gaspar,Robillard,69,male,France
Isabel,Francis,73,female,France
Claudette,Patel,25,female,France
Jessica,Ford,31,female,France
Hannah,Symon,85,female,France
Lily,Bond,74,female,France
Cynthia,Riggs,54,female,France
Sam,Knight,35,male,France
Paul,Resto,60,male,France
Belle,LaGarde,63,female,France
Sara,Montgomery,20,female,France
Chelsea,Cook,40,female,France
Susanne,Barrientos,76,female,France
Maya,Patel,32,female,France
Granville,Sacré,72,male,France
Mac,Gibbs,31,male,France
Vaden,Laprise,78,male,France
Huon,Plaisance,28,male,France
Dale,Lowe,85,male,France
Christina,Bronson,43,female,France
Onfroi,Bellemare,73,male,France
Royale,Marcoux,77,female,France
Maya,Fox,20,female,France
Brooke,Deeming,47,female,France
Eneida,Thomas,34,female,France
Skye,Camidge,67,female,France
James,Clay,67,male,France
Max,Bale,45,male,France
Henry,Lamb,38,male,France
Sam,Moresby,75,male,France
Véronique,Marier,75,female,France
Nicole,Wilson,23,female,France
Alicia,Martin,27,female,France
Caitlin,Simmons,45,female,France
Harry,Davey,43,male,France
Katie,Skeats,78,female,France
Matthew,Norton,37,male,France
Anthony,Metzger,24,male,France
Roux,St-Pierre,24,female,France
Tamara,Smith,25,female,France
Yolette,Babin,74,female,France
Joseph,Lussier,68,male,France
Isabel,Lees,51,female,France
Joséphine,Savoie,50,female,France
Edward,Kemp,36,male,France
Javier,Marseau,64,male,France
Crescent,Lacombe,41,female,France
Callum,Kaylock,68,male,France
Thomas,Iqbal,75,male,France
Jake,Fuller,77,male,France
Caitlin,Todd,70,female,France
Claire,Hawker,53,female,France
Brianna,Galvin,79,female,France
Claudia,Belz,19,female,France
Nathan,Proud,67,male,France
Alphonse,Mothé,71,male,France
Lilian,Gooseberry,67,female,France
Nate,Nobelius,47,male,France
Joseph,Johnson,20,male,France
Russell,Stevens,82,male,France
Gemma,Morin,30,female,France
Freya,Summers,76,female,France
Eugenia,St-Jacques,36,female,France
Harry,Hirschfeld,66,male,France
Belle,Duperré,53,female,France
Abigail,Welch,63,female,France
Geraldine,Karnes,56,female,France
Dorothy,McVeigh,50,female,France
Elliot,Rhodes,32,male,France
Laurene,Bouchard,63,female,France
Elizabeth,Reyna,58,female,France
Joseph,Barnett,28,male,France
Archie,Williams,51,male,France
Olivier,Cressac,62,male,France
James,Swift,56,male,France
Natalie,Anderson,66,female,France
Romain,Corbeil,41,male,France
Ava,Hanley,72,female,France
Clovis,Auberjonois,46,male,France
Liam,Newman,33,male,France
Rachel,Mitchell,33,female,France
Jason,Knapp,84,male,France
Bruce,Collin,23,male,France
Ellis,North,34,male,France
Rachelle,Carter,63,female,France
Robert,Knowles,58,male,France
Lewis,Murray,72,male,France
Declan,Cooper,48,male,France
Ben,Wertheim,36,male,France
Oliver,Bray,48,male,France
Emma,Gorman,29,female,France
Daisy,Ford,50,female,France
Elizabeth,McCabe,74,female,France
Elizabeth,Cooke,21,female,France
Debra,Rodriguez,49,female,France
Jonathan,Bohnert,67,male,France
Zachary,Barbour,72,male,France
Henry,Fitch,75,male,France
Amaury,Pelletier,68,male,France
Luca,Nangle,43,male,France
Ruth,Bushey,62,female,France
Eve,Derbyshire,85,female,France
Anna,Owens,84,female,France
Evelyn,Fitzsimmons,78,female,France
Fanette,Henrichon,66,female,France
Brayden,Bryan,55,male,France
Jason,Foster,60,male,France
Rosa,Hilyard,23,female,France
Hayden,MacRory,29,male,France
Natasha,Wyatt,73,female,France
Tyler,Braund,30,male,France
Stacy,Russell,62,female,France
Isabelle,Wanganeen,85,female,France
Loretta,Tello,63,female,France
Courtney,Frost,76,female,France
David,Faulkner,20,male,France
Louise,Hilton,64,female,France
Creissant,Lapresse,36,female,France
Lauren,Dyer,49,female,France
Joey,Ramsey,50,male,France
Desiree,Sarmiento,66,female,France
Madison,Campbell,58,female,France
Dominic,Geoghegan,70,male,France
Jamie,Baldwin,48,male,France
Laura,Swift,40,female,France
Violet,Morrison,68,female,France
Benjamin,Saldana,27,male,France
Edward,Stephens,83,male,France
Oliver,Sullivan,33,male,France
Isobel,Ashton,49,female,France
Spencer,Parker,70,male,France
Lori,Abel,19,female,France
Jasmine,Horton,82,female,France
Alyssa,Goll,25,female,France
Jai,Mollison,35,male,France
Jaxon,Munz,59,male,France
Danielle,Carter,38,female,France
Sean,Johnson,46,male,France
Auguste,Bonenfant,25,male,France
Eric,Reeder,82,male,France
Jay,Cole,55,male,France
Alannah,Tracey,48,female,France
Brian,Brown,54,male,France
Mayhew,Pouliotte,20,male,France
Zachary,Ahmed,80,male,France
Jose,Miller,48,male,France
Alexander,Evans,70,male,France
Nicholas,Parkinson,40,male,France
Amelie,Clayton,59,female,France
Alice,Deschênes,85,female,France
Summer,Boucher,30,female,France
Sienna,McSharry,72,female,France
Amelie,Doolan,26,female,France
Falerina,Brochu,32,female,France
Nicholas,Poissonnier,50,male,France
Logan,Martin,48,male,France
Isla,Wettenhall,64,female,France
Gérard,Bouchard,60,male,France
Stephen,Peach,29,male,France
John,Brault,43,male,France
Oliver,Rosenthal,55,male,France
Courtney,Tomlinson,77,female,France
Rive,Saindon,31,female,France
Alexandra,Gell,42,female,France
Hardouin,Hétu,80,male,France
Solaine,Chenard,44,female,France
Harry,Garner,77,male,France
Mireille,DuLin,26,female,France
Victoria,Whitelegge,55,female,France
George,Taylor,71,male,France
Élise,Leduc,47,female,France
Ellie,Wilshire,32,female,France
Lydia,Bruce,70,female,France
Christophe,Artois,82,male,France
Kaitlyn,Forbes,19,female,France
Ben,Halford,40,male,France
Roch,Quessy,24,male,France
George,Allen,59,male,France
Eldon,Evans,63,male,France
Libby,Williams,38,female,France
Audrey,Gilbert,75,female,France
Jeannette,Laplante,41,female,France
Lily,Ahmed,51,female,France
Lucas,Rahman,82,male,France
Ruben,Wallace,35,male,France
Peggy,Lowry,31,female,France
Namo,St-Pierre,56,male,France
Alexandra,Moran,75,female,France
Nate,Barge,43,male,France
Madeline,Monash,80,female,France
Sharon,Goulding,50,female,France
Lachlan,Gall,72,male,France
Dennis,Conklin,51,male,France
Stéphane,Pinneau,29,male,France
Zachary,Sykes,56,male,France
Poppy,Moor,31,female,France
Royce,L'Heureux,68,male,France
Evelyn,Ryerson,83,female,France
Scarlett,Singh,68,female,France
James,Zhu,51,male,France
Marie,Collazo,25,female,France
Quincy,Voisine,72,male,France
Mason,Abbott,24,male,France
Jasmine,Hardess,34,female,France
Ruby,Payne,27,female,France
Aaliyah,Howe,67,female,France
Jake,Goddard,48,male,France
Gertrude,Reeves,75,female,France
Brooke,Plant,35,female,France
Gabrielle,Hyde,24,female,France
George,Dixon,39,male,France
Muhammad,Crawford,61,male,France
Mia,Meeks,19,female,France
Daisy,Parsons,19,female,France
Leala,Lagacé,40,female,France
Eden,Macleod,59,female,France
Harry,Benn,74,male,France
Edna,Belcher,53,female,France
George,Green,48,male,France
Eloise,Freeman,85,female,France
Emmanuel,Charlebois,23,male,France
Isabelle,Archer,62,female,France
Blake,Rignall,74,male,France
Lucas,Bejah,30,male,France
Audric,Dupéré,83,male,France
May,Duff,58,female,France
Florismart,Poisson,77,male,France
Marc,Sauvé,39,male,France
Caroline,Hayes,19,female,France
Leah,Lansell,81,female,France
Paulette,Leblanc,82,female,France
Denise,Garcia,65,female,France
Joshua,Arana,49,male,France
Tristan,Leach,32,male,France
Sarah,Mayo,41,female,France
Stephanie,Booth,60,female,France
Niamh,Kent,22,female,France
Spencer,Patterson,53,male,France
Grace,Haws,29,female,France
Ramona,Bedell,41,female,France
Stéphane,Migneault,77,male,France
Astolpho,Thibodeau,38,male,France
Charli,Hay,66,female,France
Audrey,Kaleski,50,female,France
Archer,Mennell,26,male,France
Alyssa,Farmer,23,female,France
Peter,Odom,56,male,France
Savannah,Holt,20,female,France
Elizabeth,Cole,36,female,France
Yvette,Kay,66,female,France
David,Curtis,53,male,France
Michael,Cottrell,60,male,France
Orane,Plante,36,female,France
Ida,Krieg,30,female,France
William,Daniels,59,male,France
Tegan,Moore,72,female,France
John,Wilson,83,male,France
Céline,Jolicoeur,45,female,France
Isabella,Prevost,34,female,France
Shannon,Thompson,52,female,France
Belle,Bazin,35,female,France
Esperanza,Chauvin,23,female,France
Paige,Tripp,71,female,France
Rebecca,Stevens,64,female,France
Jayden,Kinchela,67,male,France
Heather,Reinhold,42,female,France
Joseph,Sigler,50,male,France
Demi,Cotuand,20,female,France
Jonathan,Pomeroy,83,male,France
Susan,Reel,63,female,France
Lucy,Leake,73,female,France
Sarah,Jacob,71,female,France
Aidan,Stonehouse,38,male,France
Christina,Bridges,49,female,France
Claude,Bernier,49,female,France
Kristin,Tyler,70,female,France
Luca,Davey,49,male,France
Eve,Bowen,21,female,France
Hellen,Hayes,29,female,France
Abby,Dodd,25,female,France
Naomi,Bradley,45,female,France
Landers,Dupuy,25,male,France
Antoinette,Bienvenue,41,female,France
Sophia,Venables,49,female,France
Lincoln,Brookman,81,male,France
Clara,Bartley,64,female,France
Sarah,Saville,35,female,France
Logistilla,Sicard,31,female,France
Gilles,Dubeau,38,male,France
Sheldon,Noble,33,male,France
Mitchell,Gooseberry,35,male,France
Sarah,Turner,41,female,France
Patrick,Reynolds,60,male,France
Cameron,Sorensen,49,male,France
Jean,Bainter,58,female,France
Gabriel,Ali,59,male,France
Romain,Picard,42,male,France
Darrel,Gray,36,male,France
Connor,Connor,83,male,France
Molly,Charlton,51,female,France
Taj,"De Little",26,male,France
Jasmine,West,51,female,France
Jack,Koerstz,48,male,France
Sarah,Warner,43,female,France
Joanna,Doyon,64,female,France
Amber,McGill,60,female,France
David,Shearer,67,male,France
Xavierre,Bisaillon,31,female,France
Raul,Joe,33,male,France
Merlin,Rocheleau,27,male,France
Arnou,Veronneau,77,male,France
Isabelle,Ruest,62,female,France
Ewan,Potts,63,male,France
Zoe,Vogt,27,female,France
Mariam,Wall,69,female,France
James,Daws,50,male,France
Thomas,Sanchez,56,male,France
Tyler,Bauer,23,male,France
Jérôme,Vallée,25,male,France
Searlait,Gaulin,73,female,France
Étienne,Margand,32,male,France
Fiacre,Louineaux,43,male,France
Bailey,Evans,44,male,France
Hannah,Bray,60,female,France
Oliver,Simonov,65,male,France
Poppy,Gascoigne,41,female,France
Cathy,Stewart,47,female,France
Astrid,Gareau,66,female,France
Stella,Edmondstone,83,female,France
Kristopher,Brosius,44,male,France
Beau,Climpson,46,male,France
Kian,Hutchinson,75,male,France
Ellie,Russell,61,female,France
Chloe,Tweddle,20,female,France
Riley,Atkins,40,male,France
Eddie,Hobart,58,male,France
Mary,Alvarez,49,female,France
Danielle,Parry,75,female,France
Sam,Giles,57,male,France
David,Draper,84,male,France
Julia,Kramer,66,female,France
Louis,Bruner,62,male,France
Alisha,North,47,female,France
Sharon,Lyons,52,female,France
Emmeline,Méthot,60,female,France
Christopher,Levy,61,male,France
Jessica,Weatherly,83,female,France
Bruce,Wright,44,male,France
Ella,Haase,68,female,France
Sofia,Fletcher,57,female,France
Zoé,Lambert,43,female,France
Reginald,Walker,40,male,France
Faith,Gould,69,female,France
Lola,Sheridan,71,female,France
Leal,Guibord,79,male,France
Samantha,Spencer,80,female,France
Bethany,Dale,19,female,France
Octave,Brian,57,male,France
Comforte,Ménard,44,female,France
Kevin,Bunker,71,male,France
Archie,Webb,25,male,France
Patricia,Jones,50,female,France
Isabel,Lee,49,female,France
Betty,Ebersole,75,female,France
Carole,McMillan,29,female,France
Courtney,Warner,71,female,France
Paulette,Boulé,65,female,France
Bobby,Handy,63,male,France
Jesse,Donaldson,72,male,France
Alice,Tauchert,32,female,France
Gemma,Keenan,60,female,France
Brock,Kingston,57,male,France
Elizabeth,Li,57,female,France
Ruby,Cooke,80,female,France
Rachel,Moran,50,female,France
Oscar,Little,54,male,France
Amarante,Simard,49,female,France
Zak,Wilkins,79,male,France
Isabella,Steigrad,40,female,France
Katherine,Ellis,19,female,France
Maya,Giles,68,female,France
Lynda,Walters,81,female,France
Ellie,Ahern,72,female,France
Liam,Smeaton,81,male,France
Gemma,Monrency,66,female,France
Kathy,Clark,62,female,France
Louis,Labrecque,51,male,France
Algernon,Langelier,62,male,France
Lily,Gould,29,female,France
Laurette,Larocque,61,female,France
Lydia,Saunders,65,female,France
Magnolia,Sauriol,28,female,France
Abby,Brunning,66,female,France
Ryan,Fleming,24,male,France
Toby,Haswell,60,male,France
Cameron,Chapman,71,male,France
Lynn,Maclennan,75,female,France
Anna,Graebner,35,female,France
Evie,O'Loghlin,60,female,France
Moore,Blais,30,male,France
Kathryn,Branham,46,female,France
Freddie,Daniels,80,male,France
Erica,Hart,58,female,France
Granville,Labrosse,59,male,France
Ancelote,Faucher,51,female,France
Teresa,Thornton,54,female,France
Robert,Shattuck,29,male,France
Alphonse,Dufresne,55,male,France
Kiara,Blanch,82,female,France
Oscar,Perry,68,male,France
Ruby,Bushell,75,female,France
Marjorie,Gilmore,57,female,France
Grace,Stevens,75,female,France
Matilda,Carroll,51,female,France
Christopher,Barr,43,male,France
Sarah,Ballantyne,73,female,France
Beltane,Moïse,35,male,France
Madeline,Josephson,43,female,France
Keira,Noble,19,female,France
Bernadette,Laux,81,female,France
Sargent,Briard,47,male,France
Zena,Byrd,40,female,France
Yseult,Cliche,22,female,France
Max,Quigley,63,male,France
William,Lambert,56,male,France
Eric,Higdon,37,male,France
Melusina,Montminy,28,female,France
Dylan,Callinan,19,male,France
Audrey,Bousquet,74,female,France
Caleb,Wilmot,70,male,France
Maya,Camden,51,female,France
Katherine,Robinson,55,female,France
Betty,Santoro,26,female,France
Charles,Kinsella,74,male,France
Lucille,Bullock,46,female,France
Cameron,Hale,38,male,France
Ben,Zwar,28,male,France
Caleb,McCabe,42,male,France
Joseph,Tucker,54,male,France
Bianca,Dundas,20,female,France
Yves,Achin,79,male,France
Marine,Cressac,66,female,France
Sebastian,Welch,58,male,France
Jessica,Reid,85,female,France
Ewan,Rose,51,male,France
Catalina,Pagan,19,female,France
Charline,Bazin,79,female,France
Dylan,Bowling,76,male,France
Platt,Ducharme,32,male,France
Anthony,Daniels,63,male,France
Antonio,Brown,59,male,France
Halette,Plante,53,female,France
Alex,Robson,40,male,France
Imogen,Pollard,56,female,France
Donald,Lohman,55,male,France
Emma,Crist,25,female,France
Peggy,Main,48,female,France
Piper,Cummins,45,female,France
Ryder,Barney,25,male,France
Jason,Recio,35,male,France
Lucy,Hunter,35,female,France
Nicole,Fournier,59,female,France
Bethany,McNeill,61,female,France
Ethan,Burrell,72,male,France
Isla,Dreyer,35,female,France
Verney,Richard,19,male,France
Anthony,Builder,52,male,France
Ellie,Nangle,77,female,France
Soren,Parent,53,male,France
Willian,Ruyle,22,male,France
Merle,Guibord,30,male,France
Samuel,Dunn,37,male,France
Hardouin,Jardine,24,male,France
Poppy,Steele,64,female,France
Sarah,Dean,58,female,France
Cameron,Davies,68,male,France
Ethan,Mistry,25,male,France
Reece,Miles,80,male,France
Pinabel,Beaulieu,47,male,France
Mary,Turner,28,female,France
Henriette,Marleau,77,female,France
Jesse,Wray,23,male,France
Anne,Meunier,36,female,France
Scott,Steele,85,male,France
Blanche,Couture,73,female,France
Kenneth,Miles,75,male,France
Georgina,Fox,45,female,France
Isabel,Angelo,63,female,France
Harrison,Dallas,60,male,France
Amelie,Leonard,68,female,France
Tom,Potts,49,male,France
Jerome,Wilson,83,male,France
Christelle,Bonnet,73,female,France
Peter,Richardson,58,male,France
Francis,Lancaster,37,male,France
Kevin,Royse,52,male,France
Miguel,Cross,45,male,France
Riley,Whitehead,68,male,France
Stella,Garrett,61,female,France
Scott,Chapman,51,male,France
Demi,Berthiaume,40,female,France
Austin,O'Loghlin,52,male,France
Isla,Shillinglaw,29,female,France
Aimee,Wong,58,female,France
Darcy,Walling,58,male,France
Mackenzie,Ballow,60,female,France
Emmeline,Guibord,52,female,France
Jeff,Cabrera,80,male,France
Charlie,Whitehead,40,female,France
Patrick,O'Ferrall,54,male,France
Jacques,Plante,73,male,France
Ebony,Jephcott,20,female,France
Claudette,Dumoulin,64,female,France
Molly,Walters,69,female,France
Brodie,Brahe,60,male,France
Élodie,Chicoine,51,female,France
Rebecca,Hunter,64,female,France
Joanna,Barrera,21,female,France
Tahlia,Rodway,19,female,France
D'Arcy,Lacharité,69,male,France
Ethan,Brewis,55,male,France
Benjamin,Welch,55,male,France
Audric,Gareau,67,male,France
Harley,Power,68,male,France
Lewis,Thomas,45,male,France
Roger,Lachapelle,36,male,France
Paula,Brooks,30,female,France
Amy,Hansen,24,female,France
Orva,Sylvain,81,female,France
Jade,Harriman,76,female,France
Courtland,Deserres,28,male,France
Pam,Carroll,48,female,France
Jayden,Pickering,74,male,France
Chelsea,Gardener,29,female,France
William,Reynolds,59,male,France
Harry,Benn,46,male,France
Sébastien,Provencher,23,male,France
Mireille,Bilodeau,48,female,France
Betty,Filip,64,female,France
Amy,Carvosso,24,female,France
Greg,Tejeda,65,male,France
Clinton,Fink,78,male,France
Anthony,Read,64,male,France
Jennifer,Hunter,25,female,France
Kate,Barker,35,female,France
Brodie,Fraire,78,male,France
Grégoire,Arpin,59,male,France
Bailey,Remington,54,male,France
Alfred,Cormier,75,male,France
Levi,Bathurst,74,male,France
Bella,Moriarty,34,female,France
Mia,Jenkins,38,female,France
Chantal,Boivin,77,female,France
Noah,Knight,22,male,France
Jessica,Leak,75,female,France
Jennifer,Watkins,72,female,France
Angelette,Guimond,19,female,France
Bailey,Hargreaves,32,male,France
Tegan,Cooper,26,female,France
Leroy,Asselin,71,male,France
Theodora,Harless,68,female,France
Manon,Quirion,44,female,France
Sebastian,Patterson,23,male,France
Noah,Griffiths,83,male,France
Mary,Arney,69,female,France
Olivier,Chenard,77,male,France
Daryl,Tracy,65,male,France
Ben,Sheehy,26,male,France
Skye,Lowe,53,female,France
Ellis,Cooper,61,male,France
Beatrice,Richards,19,female,France
Dominic,Lamaro,85,male,France
Fusberta,Poirier,83,female,France
Lydia,King,36,female,France
Sibyla,Bélanger,84,female,France
Alana,Wiedermann,80,female,France
Tristan,Ecuyer,50,male,France
Sally,Crowley,23,female,France
Bertha,Davis,35,female,France
Sam,Brookes,19,male,France
Jennifer,Vazquez,32,female,France
Ferrau,Austin,39,male,France
Billy,Chambers,42,male,France
Betty,Ellis,64,female,France
Kyle,Osborne,41,male,France
Dana,Cassel,66,female,France
Jayden,McDowall,75,male,France
Marshall,Deschênes,79,male,France
Amber,Brose,27,female,France
Pascal,Lacombe,42,male,France
Zara,Seager,24,female,France
Riley,Crawford,76,male,France
Harvey,Cameron,65,male,France
Nicholas,Bélair,69,male,France
Adam,Evans,70,male,France
Tegan,Tucker,45,female,France
Troy,Hétu,78,male,France
Earl,Bill,61,male,France
Cameron,Bancroft,70,male,France
Taj,Rankine,31,male,France
Lydia,Ladner,20,female,France
Melanie,Rosa,50,female,France
Patrick,Stokes,33,male,France
Manville,Galarneau,30,male,France
Clifford,Dugger,35,male,France
Edward,Arnold,24,male,France
Mercedes,Hitt,75,female,France
Neville,Leclair,69,male,France
Judy,Atwood,23,female,France
Albert,Ngo,67,male,France
Moore,Beaudouin,74,male,France
Cynthia,Hammond,35,female,France
Dominic,Hughes,27,male,France
Kaitlyn,Jephcott,24,female,France
Sarah,Ogg,23,female,France
Michael,Nieves,30,male,France
Calandre,Arnoux,85,female,France
Fayme,Avare,22,female,France
Blanchefle,Covillon,29,female,France
Joseph,Lee,22,male,France
Brodie,Rentoul,29,male,France
Michael,Fischer,74,male,France
Fayme,Jalbert,72,female,France
Alexander,Leonard,35,male,France
Bethany,Sexton,78,female,France
Jordan,Robson,20,male,France
Victor,Babin,48,male,France
Albracca,Girard,52,female,France
Charles,Buncle,45,male,France
Germain,Labossière,39,male,France
Jorge,Burton,65,male,France
Gabrielle,Florey,85,female,France
Kai,Collin,85,male,France
Ancelina,Rousseau,81,female,France
Samatha,Macdonald,77,female,France
Avice,Moreau,66,female,France
Joel,Strong,26,male,France
Joy,Schmidt,31,female,France
Sophie,Middleton,64,female,France
Erin,Chadwick,59,female,France
Kevin,Berger,63,male,France
Joseph,Heckman,27,male,France
Henry,Pugh,78,male,France
Nancy,Trujillo,77,female,France
Riley,Greeves,39,male,France
Micheal,McKenzie,71,male,France
Audrey,McKillop,53,female,France
Archie,Keynes,45,male,France
John,Hathorn,25,male,France
Kayla,Siddins,37,female,France
Dielle,Authier,59,female,France
Ann,Pooler,79,female,France
Billy,Best,55,female,France
Tracy,Cox,71,female,France
Lisa,Hopkins,65,female,France
Olivia,Little,43,female,France
Luca,Goodwin,63,male,France
Scott,Lewis,28,male,France
